Epoch,Training Loss,Validation Loss,Training Accuracy,Validation Accuracy
1,5.51894474029541,3.955141305923462,0.5211111307144165,0.5849999785423279
2,3.011641263961792,2.087512254714966,0.4972222149372101,0.5099999904632568
3,1.5502352714538574,1.1266998052597046,0.5005555748939514,0.5249999761581421
4,0.9553689360618591,0.8320290446281433,0.5066666603088379,0.5049999952316284
5,0.7955522537231445,0.773500919342041,0.5066666603088379,0.4399999976158142
6,0.7684799432754517,0.764951765537262,0.4855555593967438,0.5199999809265137
7,0.7635651230812073,0.7636236548423767,0.504444420337677,0.41999998688697815
8,0.7629887461662292,0.7629532814025879,0.496111124753952,0.5350000262260437
9,0.7629082798957825,0.7628729343414307,0.5038889050483704,0.4650000035762787
