Epoch,Training Loss,Validation Loss,Training Accuracy,Validation Accuracy
1,5.600895404815674,4.100338459014893,0.5233333110809326,0.5849999785423279
2,3.1977999210357666,2.414215087890625,0.5294444561004639,0.5099999904632568
3,1.767936110496521,1.3503155708312988,0.5627777576446533,0.5249999761581421
4,1.1544313430786133,1.0233147144317627,0.5244444608688354,0.5049999952316284
5,0.9386956691741943,0.9184426665306091,0.5577777624130249,0.5600000023841858
6,0.8697775602340698,0.8631904125213623,0.5833333134651184,0.5199999809265137
7,0.8186619281768799,0.7668135762214661,0.5983333587646484,0.7950000166893005
8,0.7375686764717102,0.9198752641677856,0.7322221994400024,0.4950000047683716
9,0.6777103543281555,0.5948962569236755,0.7511110901832581,0.800000011920929
