Epoch,Training Loss,Validation Loss,Training Accuracy,Validation Accuracy
1,3.969971179962158,1.8104500770568848,0.5208333134651184,0.5074999928474426
2,1.0939273834228516,0.8009583950042725,0.4930555522441864,0.5224999785423279
3,0.7740533947944641,0.7642096877098083,0.5036110877990723,0.4675000011920929
4,0.7631785869598389,0.7628165483474731,0.496111124753952,0.5199999809265137
5,0.7629557847976685,0.7627846598625183,0.5002777576446533,0.4975000023841858
6,0.7629112005233765,0.7635065317153931,0.5049999952316284,0.45500001311302185
7,0.7629053592681885,0.7630931735038757,0.5030555725097656,0.4724999964237213
8,0.7629497051239014,0.7628898620605469,0.49888888001441956,0.5099999904632568
9,0.7629543542861938,0.7626886963844299,0.496111124753952,0.5299999713897705
