Epoch,Training Loss,Validation Loss,Training Accuracy,Validation Accuracy
1,4.375431060791016,2.2261550426483154,0.5047222375869751,0.5074999928474426
2,1.3472943305969238,0.8672209978103638,0.49638888239860535,0.5224999785423279
3,0.7932606339454651,0.7662914395332336,0.4958333373069763,0.4675000011920929
4,0.7635468244552612,0.7625327110290527,0.49666666984558105,0.5199999809265137
5,0.7629553079605103,0.7630849480628967,0.5002777576446533,0.4975000023841858
6,0.7629103064537048,0.7630161046981812,0.5049999952316284,0.45500001311302185
7,0.7629086375236511,0.7632670402526855,0.49916666746139526,0.4724999964237213
8,0.7629585266113281,0.7626919746398926,0.49666666984558105,0.5099999904632568
9,0.762944757938385,0.7629452347755432,0.4972222149372101,0.5299999713897705
