Epoch,Training Loss,Validation Loss,Training Accuracy,Validation Accuracy
1,5.389995098114014,3.7645201683044434,0.5422222018241882,0.5849999785423279
2,2.7788515090942383,1.8445411920547485,0.5166666507720947,0.5099999904632568
3,1.3554726839065552,1.0051143169403076,0.503333330154419,0.5249999761581421
4,0.8956938982009888,0.8244333863258362,0.507777750492096,0.5049999952316284
5,0.8006123900413513,0.7789345383644104,0.5011110901832581,0.5600000023841858
6,0.7742345333099365,0.7676403522491455,0.49000000953674316,0.5199999809265137
7,0.7655494809150696,0.7670520544052124,0.5088889002799988,0.41999998688697815
8,0.7637088894844055,0.7622287273406982,0.496111124753952,0.5350000262260437
9,0.7629492878913879,0.7636427879333496,0.5038889050483704,0.4650000035762787
